task_class,dispatcher,entry_reachable
AscendDiagnosticTask,assignAscendDiagnostic,yes
BreakEnterDiagnosticTask,assignBreakEnterDiagnostic,yes
CapabilityGateCheckTask,assignCapabilityGateCheck,yes
ChainDiagnosticTask,assignChainDiagnostic,yes
ChainMineDiagnosticTask,assignChainMineDiagnostic,yes
ChunkGuardCheckTask,assignChunkGuardCheck,yes
ClearGuardCheckTask,assignClearGuardCheck,yes
ClearRetryCheckTask,assignClearRetryCheck,yes
CraftActionCheckTask,assignCraftActionCheck,yes
CraftCheckTask,assignCraftCheck,yes
CraftFurnaceCheckTask,assignCraftCookingCheck,yes
CraftFurnaceCheckTask,assignCraftFurnaceCheck,yes
CraftGoalCheckTask,assignCraftGoalCheck,yes
CraftGridProbeTask,assignCraftGridProbe,yes
CraftStationCheckTask,assignCraftStationCheck,yes
CraftStationCraftCheckTask,assignCraftStationCraftCheck,yes
CraftStationProvisionCheckTask,assignCraftStationProvisionCheck,yes
CraftTableCheckTask,assignCraftTableCheck,yes
DecisionTraceCheckTask,assignDecisionTraceCheck,yes
DescendDiagnosticTask,assignDescendDiagnostic,yes
DiagonalDiagnosticTask,assignDiagonalDiagnostic,yes
EventThresholdCheckTask,assignEventThresholdCheck,yes
FallDiagnosticTask,assignFallDiagnostic,yes
FluidMineCheckTask,assignFluidMineCheck,yes
FollowTask,assignFollow,yes
K3StopCheckTask,assignK3StopCheck,yes
LlmContractCheckTask,assignLlmContractCheck,yes
LumberFailureCheckTask,assignLumberFailureCheck,yes
MenuProbeTask,assignMenuProbe,yes
MineCourseDiagnosticTask,assignMineCourseDiagnostic,yes
MineRegressionTask,assignMineRegression,yes
MineTask,assign,yes
PartialSearchCheckTask,assignPartialSearchCheck,yes
PathSessionDiagnosticTask,assignPathSessionDiagnostic,yes
PathSessionDiagnosticTask,assignPathingWaller,yes
PathingBatteryTask,assignPathingBattery,yes
PathingRegressionTask,assignPathingRegression,yes
PermissionDemoTask,assignPermissionDemo,yes
PickupGateCheckTask,assignPickupGateCheck,yes
PillarDiagnosticTask,assignPillarDiagnostic,yes
PlaceTask,assignPlace,yes
RecoverabilityCheckTask,assignRecoverabilityCheck,yes
RegressionBatteryTask,assignRegressionBattery,yes
RestoreScopeTask,assignRestore,yes
RestoreScopeTask,tryRecoverUnfinishedTeardown,yes
RoadBuildTask,assignRoadBuild,yes
SafeReturnTask,startSafeReturnIfNeeded,yes
ScaffoldLifecycleTask,assignScaffoldCheck,yes
SurvivalExitCheckTask,assignSurvivalFixtureCheck,yes
SurvivalExitTask,startSurvivalExit,no
SurvivalFloatTask,tick,no
SurvivalFloatTask,tickHazardWithoutTask,no
ToolMaintenanceTask,assignToolMaintenance,no
ToolSupplyCheckTask,assignToolSupplyCheck,yes
TransferCheckTask,assignTransferCheck,yes
TransferTask,assignTransfer,yes
TraverseDiagnosticTask,assignTraverseDiagnostic,yes
VerticalDiagnosticTask,assignVerticalDiagnostic,yes
WalkToDiagnosticTask,assignWalkToDiagnostic,yes
WalkToTask,assignWalkTo,yes
WriteBudgetCheckTask,assignWriteBudgetCheck,yes
