task_class,task_path,dest,prod_pkg,reason
BlockerClearPlanner,src/main/java/com/dddgn/alice/task/mining/BlockerClearPlanner.java,生产,?,生产:refs=job/lumber,task
CollectStep,src/main/java/com/dddgn/alice/task/collecting/CollectStep.java,step,-,step:implements Step
CraftStation,src/main/java/com/dddgn/alice/task/craft/CraftStation.java,生产,?,生产:refs=debug,decision,item,job/craft
FarWalkTask,src/main/java/com/dddgn/alice/task/FarWalkTask.java,生产,?,生产:refs=bot,survival
FixtureClaim,src/main/java/com/dddgn/alice/task/FixtureClaim.java,生产,?,生产:有标记但被生产引用(ScaffoldLifecycleTask)
FixtureScript,src/main/java/com/dddgn/alice/task/FixtureScript.java,fixture,-,fixture:命名标记+外部引用(debug)
FollowTask,src/main/java/com/dddgn/alice/task/FollowTask.java,生产,?,生产:refs=bot,client/render
FurnaceStation,src/main/java/com/dddgn/alice/task/craft/FurnaceStation.java,生产,com.dddgn.alice.action.craft,生产:refs=job/craft
GainStepRunner,src/main/java/com/dddgn/alice/task/mining/GainStepRunner.java,生产,?,生产:refs=task,task/collecting
GridDiscovery,src/main/java/com/dddgn/alice/task/craft/GridDiscovery.java,生产,com.dddgn.alice.staging,生产:refs=job/craft,task/craft
InventoryCraft,src/main/java/com/dddgn/alice/task/craft/InventoryCraft.java,生产,com.dddgn.alice.action.craft,生产:refs=job/craft,task/craft
MachineCycle,src/main/java/com/dddgn/alice/task/craft/MachineCycle.java,生产,com.dddgn.alice.action.craft,生产:refs=job/craft
MachineRecipeFacts,src/main/java/com/dddgn/alice/task/craft/MachineRecipeFacts.java,生产,com.dddgn.alice.staging,生产:refs=task/craft
MineStep,src/main/java/com/dddgn/alice/task/mining/MineStep.java,step,-,step:implements Step
MineTask,src/main/java/com/dddgn/alice/task/MineTask.java,生产,?,生产:refs=bot,client/render,job/fishbone,job/lumber,job/mine,road,task
MiningBudget,src/main/java/com/dddgn/alice/task/mining/MiningBudget.java,生产,?,生产:refs=bot,decision,job/fishbone,job/lumber,job/mine,road,task,task/mining
MiningPlanner,src/main/java/com/dddgn/alice/task/mining/MiningPlanner.java,生产,?,生产:refs=job/mine,reach,task,task/mining,write
MiningProfile,src/main/java/com/dddgn/alice/task/mining/MiningProfile.java,生产,?,生产:refs=bot,job/fishbone,job/lumber,job/mine,task,task/collecting,task/mining,transfer
PermissionDemoTask,src/main/java/com/dddgn/alice/task/PermissionDemoTask.java,生产,?,生产:refs=bot
PlaceTask,src/main/java/com/dddgn/alice/task/PlaceTask.java,生产,?,生产:refs=bot
RecipeQuery,src/main/java/com/dddgn/alice/task/craft/RecipeQuery.java,生产,com.dddgn.alice.staging,生产:refs=job/craft,task/craft
RestoreScopeTask,src/main/java/com/dddgn/alice/task/RestoreScopeTask.java,生产,?,生产:refs=bot,job/lumber,task,write
ScaffoldLifecycleTask,src/main/java/com/dddgn/alice/task/ScaffoldLifecycleTask.java,生产,?,生产:refs=bot,item
StationPlacement,src/main/java/com/dddgn/alice/task/craft/StationPlacement.java,生产,com.dddgn.alice.action.craft,生产:refs=write
StationProvision,src/main/java/com/dddgn/alice/task/craft/StationProvision.java,生产,com.dddgn.alice.action.craft,生产:refs=job/craft,task/craft,write
Step,src/main/java/com/dddgn/alice/task/Step.java,step,-,step:Step.java(注册口)
TableCraft,src/main/java/com/dddgn/alice/task/craft/TableCraft.java,生产,com.dddgn.alice.action.craft,生产:refs=task/craft
Task,src/main/java/com/dddgn/alice/task/Task.java,生产,?,生产:refs=bot,debug,job,job/collect,job/fishbone,job/lumber,job/mine,road,survival,task,transfer
TaskNode,src/main/java/com/dddgn/alice/task/TaskNode.java,生产,?,生产:refs=decision,job,job/collect,job/lumber,job/mine
TaskTarget,src/main/java/com/dddgn/alice/task/TaskTarget.java,生产,?,生产:refs=bot,debug,item,job/collect,job/craft,job/fishbone,job/lumber,job/mine,road,survival,task,transfer
ToolMaintenanceTask,src/main/java/com/dddgn/alice/task/ToolMaintenanceTask.java,生产,?,生产:refs=bot
WalkToTask,src/main/java/com/dddgn/alice/task/WalkToTask.java,生产,?,生产:refs=bot,job/lumber,survival
